"Size","Run","Iret","Ms","PeakWS","PeakPaged"
"4k","1","3078","1","10989568","2715648"
"4k","2","3078","1","25595904","5193728"
"4k","3","3078","1","26144768","5165056"
"1m","1","786438","252","110968832","109281280"
"1m","2","786438","265","109289472","109371392"
"1m","3","786438","254","109764608","109355008"
"2m","1","1572870","647","193445888","213614592"
"2m","2","1572870","661","193482752","213618688"
"2m","3","1572870","673","193482752","213614592"
"4m","1","3145734","1419","361811968","422072320"
"4m","2","3145734","1434","363536384","422158336"
"4m","3","3145734","1401","361730048","422121472"
